안녕하세요,ㅎㅇ,2019-01-21 07:14:46.367731
,,2019-01-21 07:14:50.040830
ㅎㅇㅎㅇㅎㅇ,ㅇㅎㅇㅎㅇㅎㅇ,2019-01-21 07:15:08.916573
ㅇㅇㅇㅇㅇ,ㅇㅇㅇㅇ,2019-01-21 07:15:15.709797
,,2019-01-21 07:15:25.447858
ㅣㅣㅣㅣㅣ,ㅣㅣㅣㅣㅣ,2019-01-21 07:15:29.260218
,,2019-01-21 07:15:31.007516
,,2019-01-21 07:15:31.769795
,,2019-01-21 07:15:32.138817
,,2019-01-21 07:15:32.508268
,,2019-01-21 07:16:20.134833
ㅇㅇㅇㅇ,ㅇㅇㅇㅇㅇㅇㅇ,2019-01-21 07:16:43.648080
,,2019-01-21 07:16:45.480250
,,2019-01-21 07:16:47.613933
,,2019-01-21 07:16:50.249957
,,2019-01-21 07:16:52.597776
안녕하세열,적당,2019-01-21 07:36:14.172363
집가는방법좀,주세요,2019-01-21 07:36:24.428863
